{
"Name" : "Smt. Vijay Laxmi Gaur",
"Post" : "Dy.Director",
"District" : "AJMER",
"Phone(O)" : "0145-2623044",
"Phone(R)" : 99280-02351"
}

Shri Pyare Lal
Asstt. Director, ALWAR
0144-2344012
94144-27583

Shri Prafful Chaubisa
Asstt. Director, BANSWARA
02962-254244
94141-58300

Shri Mohd. Aslam
Asstt. Director, BARAN
07453-237121
99508-20450
5	
Shri Sanjay Sawlani
Asstt. Director, BARMER
02982-230009	94143-55500
6
Shri Ram Niwas Yadav
Dy. Director, BHARATPUR
05644-223576
94146-39347
7
Shri Sharad Sharma
DP&SWO, BHILWARA
01482-232678
Fax - 232678
94143-02624
8
Shri Liladhar Panwar
Dy. Director, BIKANER
0151-2226681
99284-39188
9
Shri Rakesh Verma
DP&SWO, BUNDI
0747-2443751
96805-85668
10	
Shri O.P.Toshniwal
Asstt. Dir., CHITTORGARH
01472-241083
Fax - 240293
94140-21710
11
Shri Naresh Kumar
DP&SWO, CHURU
01562-250943
94143-47778
12
Shri Himmat Singh Kavia
DP&SWO, DAUSA
01427-223440
94143-91308
13
Shri Arvind Saini
DP&SWO, DHAULPUR
05642-240878
94142-80256
14
Shri Himmatram Chhagan
Add. Charge, DUNGARPUR
02964-232264
9950-55446
15
Shri B.P.Chandel,
DP&SWO, SRI GANGANAGAR
0154-2463582
99283-09095
16
Shri Virendra Pal,
DP&SWO, HANUMANGARH
01552-261187
98281-96989
17
Shr. Ashok Jangid
Dy. Director, JAIPUR (Urban)
0141-2786442
99289-77317
18
Shr. Manoj Gahlot
Dy. Director, JAIPUR (Rural)
0141-2209776
94149-46674
19	
Shri ........
Asstt. Director, JAISALMER
02992-252517	94143-91308
20	
Shri Bajrang Lal
Asstt. Director, JALORE
02973-222486	
94140-80823
21
Ms. Shraddha,
DP&SWO, JHALAWAR
07432-231215
77377-75476
22
Shri Surendra Kumar
Asstt. Director, JHUNJHUNU
01592-232884
94149-83056
23	
Shri Anil Vyas
Dy. Director, JODHPUR
0291-2433473
Fax - 2619409
97849-35724
24
Shri Mahender Kumar Meena
DP&SWO, KARAULI
07464-251076
Fax - 250167
--
25
Smt. Savita Krishnia
Dy. Director, KOTA
0744-2325491
94143-92141
26
Shri Pawan Punia,
Asstt. Director, NAGAUR
01582-240798
94612-36565
27	
Shri Chandrashekhar,
Asstt. Director, PALI
02932-222706	98297-18131
28	
Shri Girish Bhatnagar
DP&SWO, PRATAPGARH
01478-221535	94147-57879
29
Shri Hemant Khatik
DP&SWO, RAJSAMAND
02952-221169
97853-61091
30
Shri Manoj Sharma
DP&SWO, SAWAI MADHOPUR
07462-220467
94138-00339
31
Shri Om Prakash Rahad
DP&SWO, SIKAR
01572-248940
94611-17772
32	
Shri Mangi Lal Maroo
Asstt. Director, SIROHI
02972-222544	94143-01047
33
Shri Kartar Singh Meena
Asstt. Director, TONK
01432-254597
94143-77915
34
Shri Mandhata Singh,
Dy.Director,  UDAIPUR
0294-2410772
94141-68330